Abeliophyllum distichum	NC_031445
Abelmoschus esculentus	NC_035234
Abies koreana	NC_026892
Abies sibirica	NC_035067
Acacia dealbata	NC_034985
Acacia ligulata	NC_026134
Acer buergerianum	NC_034744
Acer davidii	NC_030331
Acer griseum	NC_034346
Acer miaotaiense	NC_030343
Acer morrisonense	NC_029371
Acer palmatum	NC_034932
Acidosasa purpurea	NC_015820
Acioa guianensis	NC_030534
Acnistus arborescens	NC_030185
Acnistus arborescens x Iochroma cyaneum	NC_030056
Acoelorraphe wrightii	NC_029973
Aconitum austrokoreense	NC_031410
Aconitum carmichaelii	NC_030761
Aconitum chiisanense	NC_029829
Aconitum ciliare	NC_031420
Aconitum coreanum	NC_031421
Aconitum kusnezoffii	NC_031422
Aconitum monanthum	NC_031423
Acorus americanus	NC_010093
Acorus calamus	NC_007407
Acorus gramineus	NC_026299
Acrosorium ciliolatum	NC_035260
Actaea racemosa	NC_034704
Actinidia arguta	NC_034913
Actinidia chinensis	NC_026690
Actinidia deliciosa	NC_026691
Actinidia eriantha	NC_034914
Actinidia kolomikta	NC_034915
Actinidia polygama	NC_031186
Actinidia tetramera	NC_031187
Adenanthera microsperma	NC_034986
Adenophora remotiflora	NC_026999
Adiantum capillus-veneris	NC_004766
Adoxa moschatellina	NC_034792
Aegilops bicornis	NC_024831
Aegilops cylindrica	NC_023096
Aegilops geniculata	NC_023097
Aegilops kotschyi	NC_024832
Aegilops longissima	NC_024830
Aegilops searsii	NC_024815
Aegilops sharonensis	NC_024816
Aegilops speltoides	NC_022135
Aegilops tauschii	NC_022133
Aethionema arabicum	NC_034367
Aethionema cordifolium	NC_009265
Aethionema grandiflorum	NC_009266
Afrolicania elaeosperma	NC_030544
Agathis dammara	NC_023119
Agave americana	NC_032053
Agave attenuata	NC_032696
Ageratina adenophora	NC_015621
Agrostemma githago	NC_023357
Agrostis stolonifera	NC_008591
Ahnfeltia plicata	NC_031145
Ajuga reptans	NC_023102
Akebia quinata	NC_033913
Akebia trifoliata	NC_029427
Albizia odoratissima	NC_034987
Albuca kirkii	NC_032697
Aldrovanda vesiculosa	NC_035416
Aletris fauriei	NC_033412
Aletris spicata	NC_033411
Alliaria grandifolia	NC_034286
Allium cepa	NC_024813
Allium sativum	NC_031829
Allomaieta villosa	NC_031875
Allosyncarpia ternata	NC_022413
Alloteropsis angusta	NC_027951
Alloteropsis cimicina	NC_027952
Alloteropsis paniculata	NC_032078
Alloteropsis semialata	NC_027824
Alniphyllum eberhardtii	NC_031892
Aloysia citrodora	NC_034695
Alsophila spinulosa	NC_012818
Althaea officinalis	NC_034701
Alyssum desertorum	NC_034299
Amana anhuiensis	NC_034706
Amana edulis	NC_034707
Amana erythronioides	NC_034634
Amana kuocangshanica	NC_034708
Amana wanzhensis	NC_034705
Amaranthus hypochondriacus	NC_030770
Amborella trichopoda	NC_005086
Amentotaxus argotaenia	NC_027581
Amentotaxus formosana	NC_024945
Ammophila breviligulata	NC_027465
Ammopiptanthus mongolicus	NC_034742
Ammopiptanthus nanus	NC_034743
Ampelocalamus calcareus	NC_024731
Ampelocalamus naibunensis	NC_030767
Ampelodesmos mauritanicus	NC_027466
Amphicarpum muhlenbergianum	NC_030619
Anacardium occidentale	NC_035235
Ananas comosus	NC_026220
Anaphalis sinica	NC_034648
Andrographis paniculata	NC_022451
Andropogon abyssinicus	NC_035030
Andropogon burmanicus	NC_035038
Andropogon chinensis	NC_035012
Andropogon distachyos	NC_035041
Andropogon fastigiatus	NC_035010
Androsace bulleyana	NC_034641
Androsace paxiana	NC_034640
Anemarrhena asphodeloides	NC_032698
Anethum graveolens	NC_029470
Angelesia splendens	NC_030545
Angelica acutiloba	NC_029391
Angelica dahurica	NC_029392
Angelica gigas	NC_029393
Angiopteris angustifolia	NC_026300
Angiopteris evecta	NC_008829
Angophora costata	NC_022412
Angophora floribunda	NC_022411
Ankyra judayi	NC_029735
Annona cherimola	NC_030166
Anoectochilus emeiensis	NC_033895
Anomochloa marantoidea	NC_014062
Anthoceros angustus	NC_004543
Anthoxanthum nitens	NC_027475
Anthoxanthum odoratum	NC_027467
Anthriscus cerefolium	NC_015113
Apetahia longistigmata	NC_035353
Aphyllorchis montana	NC_030703
Apios americana	NC_025909
Apopellia endiviifolia	NC_019628
Apophlaea sinclairii	NC_031172
Apostasia odorata	NC_030722
Aquilaria sinensis	NC_029243
Arabidopsis arenicola	NC_030346
Arabidopsis arenosa	NC_029334
Arabidopsis cebennensis	NC_029335
Arabidopsis croatica	NC_030347
Arabidopsis halleri	NC_034366
Arabidopsis lyrata	NC_034365
Arabidopsis lyrata subsp. lyrata	NC_034379
Arabidopsis neglecta	NC_030348
Arabidopsis pedemontana	NC_029336
Arabidopsis petrogena	NC_030349
Arabidopsis suecica	NC_030350
Arabidopsis thaliana	NC_000932
Arabidopsis umezawana	NC_030351
Arabis alpina	NC_023367
Arabis hirsuta	NC_009268
Aralia undulata	NC_022810
Araucaria heterophylla	NC_026450
Archibaccharis asperifolia	NC_034848
Archidendron lucyi	NC_034988
Ardisia polysticta	NC_021121
Areca vestiaria	NC_029972
Arenga caudata	NC_029971
Aristida purpurea	NC_025228
Arracacia xanthorrhiza	NC_032364
Artemisia annua	NC_034683
Artemisia argyi	NC_030785
Artemisia capillaris	NC_031400
Artemisia frigida	NC_020607
Artemisia gmelinii	NC_031399
Artemisia montana	NC_025910
Arthraxon hispidus	NC_035048
Arthraxon lanceolatus	NC_035017
Arthraxon microphyllus	NC_035050
Arthraxon prionodes	NC_030613
Arundinaria appalachiana	NC_023934
Arundinaria fargesii	NC_024712
Arundinaria gigantea	NC_020341
Arundinaria tecta	NC_023935
Arundinella deppeana	NC_030620
Arundo plinii	NC_034652
Asclepias nivea	NC_022431
Asclepias syriaca	NC_022432
Asparagopsis taxiformis	NC_031148
Asparagus officinalis	NC_034777
Aster altaicus	NC_034996
Aster spathulifolius	NC_027434
Asterionella formosa	NC_024079
Asterionellopsis glacialis	NC_024080
Astragalus mongholicus	NC_029828
Astragalus mongholicus var. nakaianus	NC_028171
Astrebla pectinata	NC_029891
Atropa belladonna	NC_004561
Atuna racemosa	NC_030546
Aureococcus anophagefferens	NC_012898
Aureoumbra lagunensis	NC_012903
Auxenochlorella protothecoides	NC_023775
Avena sativa	NC_027468
Avena sterilis	NC_031650
Averrhoa carambola	NC_033350
Axonopus fissifolius	NC_030501
Azadirachta indica	NC_023792
Aztecaster matudae	NC_034898
Baccharis genistelloides	NC_034852
Baccharis tricuneata	NC_034868
Bambusa arnhemica	NC_026958
Bambusa bambos	NC_026957
Bambusa emeiensis	NC_015830
Bambusa multiplex	NC_024668
Bambusa oldhamii	NC_012927
Bangia atropurpurea	NC_030221
Bangiopsis subsimplex	NC_031173
Barbarea verna	NC_009269
Bathycoccus prasinos	NC_024811
Baxteria australis	NC_029970
Berberis amurensis	NC_030062
Berberis bealei	NC_022457
Berberis koreana	NC_030063
Bertolonia acuminata	NC_031876
Beschorneria septentrionalis	NC_032699
Betula nana	NC_033978
Bigelowiella natans	NC_008408
Bismarckia nobilis	NC_020366
Blakea schlimii	NC_031877
Blakiella bartsiifolia	NC_034866
Bletilla ochracea	NC_029483
Bletilla striata	NC_028422
Boldia erythrosiphon	NC_034776
Bomarea edulis	NC_025306
Borassodendron machadonis	NC_029969
Bostrychia moritziana	NC_035266
Bostrychia simpliciuscula	NC_035268
Boswellia sacra	NC_029420
Bothriochloa alta	NC_030621
Botryococcus braunii	NC_025545
Boulardia latisquama	NC_025641
Bouteloua curtipendula	NC_029414
Bouteloua gracilis	NC_029892
Bowenia serrulata	NC_026036
Brachiaria fragrans	NC_033879
Brachyelytrum aristosum	NC_027470
Brachypodium distachyon	NC_011032
Bracteacoccus aerius	NC_029675
Bracteacoccus giganteus	NC_028586
Bracteacoccus minor	NC_029674
Brahea brandegeei	NC_029968
Brasenia schreberi	NC_031343
Brassaiopsis hainla	NC_022811
Brassica juncea	NC_028272
Brassica napus	NC_016734
Brassica nigra	NC_030450
Brighamia insignis	NC_028633
Briza maxima	NC_027471
Bromus vulgaris	NC_027472
Bruinsmia polysperma	NC_030180
Bryopsis hypnoides	NC_013359
Bryopsis plumosa	NC_026795
Bryothamnion seaforthii	NC_035276
Buergersiochloa bambusoides	NC_026968
Bulboplastis apyrenoidosa	NC_034787
Bupleurum falcatum	NC_027834
Bupleurum latissimum	NC_033346
Buxus microphylla	NC_009599
Cabomba caroliniana	NC_031505
Cajanus cajan	NC_031429
Cakile arabica	NC_030775
Calamus caryotoides	NC_020365
Calanthe triplicata	NC_024544
Calliarthron tuberculosum	NC_021075
Callitris rhomboidea	NC_034940
Callitropsis nootkatensis	NC_026295
Callitropsis vietnamensis	NC_026298
Calocedrus formosana	NC_023121
Caloglossa intermedia	NC_035265
Caloglossa monosticha	NC_035263
Calycanthus floridus var. glaucus	NC_004993
Camassia scilloides	NC_032700
Camelina sativa	NC_029337
Camellia crapnelliana	NC_024541
Camellia cuspidata	NC_022459
Camellia danzaiensis	NC_022460
Camellia grandibracteata	NC_024659
Camellia impressinervis	NC_022461
Camellia leptophylla	NC_024660
Camellia oleifera	NC_023084
Camellia petelotii	NC_024661
Camellia pitardii	NC_022462
Camellia pubicosta	NC_024662
Camellia reticulata	NC_024663
Camellia sinensis	NC_020019
Camellia taliensis	NC_022264
Camellia yunnanensis	NC_022463
Campanula punctata	NC_033337
Campanula takesimana	NC_026203
Campynema lineare	NC_026785
Cannabis sativa	NC_027223
Cannabis sativa	NC_026562
Capillipedium venustum	NC_030622
Capsella bursa-pastoris	NC_009270
Capsella grandiflora	NC_028517
Capsella rubella	NC_027693
Capsicum annuum	NC_018552
Capsicum chacoense	NC_033525
Capsicum chinense	NC_030543
Capsicum eximium	NC_033527
Capsicum frutescens	NC_028007
Capsicum galapagoense	NC_033524
Capsicum lycianthoides	NC_026551
Capsicum tovarii	NC_033526
Caragana korshinskii	NC_035229
Caragana kozlowii	NC_035228
Caragana microphylla	NC_032691
Cardamine impatiens	NC_026445
Cardamine limprichtiana	NC_034287
Cardamine resedifolia	NC_026446
Cardiocrinum cathayanum	NC_033897
Cardiocrinum cordatum	NC_033898
Cardiocrinum giganteum	NC_033896
Carex siderosticta	NC_027250
Carica papaya	NC_010323
Carissa macrocarpa	NC_033354
Carludovica palmata	NC_026786
Carnegiea gigantea	NC_027618
Carpinus putoensis	NC_033503
Carteria cerasiformis	NC_028585
Carthamus tinctorius	NC_030783
Carum carvi	NC_029889
Caryota mitis	NC_029948
Castanea henryi	NC_033881
Castanea mollissima	NC_014674
Castanopsis concinna	NC_033409
Castanopsis echinocarpa	NC_023801
Castilleja paramensis	NC_031805
Catharanthus roseus	NC_021423
Cathaya argyrophylla	NC_014589
Cattleya crispata	NC_026568
Cattleya liliputana	NC_032083
Caulerpa cliftonii	NC_031368
Caulerpa racemosa	NC_032042
Cedrus deodara	NC_014575
Cenchrus americanus	NC_024171
Centaurea diffusa	NC_024286
Centotheca lappacea	NC_025229
Centropodia glauca	NC_029411
Centropogon granulosus	NC_035354
Cephalanthera humilis	NC_030706
Cephalanthera longifolia	NC_030704
Cephalotaxus oliveri	NC_021110
Cephalotaxus wilsoniana	NC_016063
Ceramium cimbricum	NC_031211
Ceramium japonicum	NC_031174
Cerataulina daemon	NC_025313
Ceratophyllum demersum	NC_009962
Ceratozamia hildae	NC_026037
Chaetoceros simplex	NC_025310
Chaetosphaeridium globosum	NC_004115
Chamaecyparis formosensis	NC_034943
Chamaerops humilis	NC_029967
Chamaetrichon capsulatum	NC_034714
Champereia manillana	NC_034931
Chara vulgaris	NC_008097
Characiochloris acuminata	NC_028584
Chasechloa egregia	NC_031299
Chasechloa madagascariensis	NC_033880
Chenopodium album	NC_034950
Chenopodium quinoa	NC_034949
Chikusichloa aquatica	NC_027184
Chimonocalamus longiusculus	NC_024714
Chionanthus retusus	NC_035000
Chionochloa macra	NC_025230
Chlamydomonas leiostraca	NC_032109
Chlamydomonas reinhardtii	NC_005353
Chloranthus japonicus	NC_026565
Chloranthus spicatus	NC_009598
Chlorella sorokiniana	NC_023835
Chlorella variabilis	NC_015359
Chlorella vulgaris	NC_001865
Chloris barbata	NC_029893
Chloris truncata	NC_032033
Chloris virgata	NC_032034
Chlorogalum pomeridianum	NC_032701
Chlorokybus atmophyticus	NC_008822
Chlorotetraedron incus	NC_029673
Chondrus crispus	NC_020795
Choreocolax polysiphoniae	NC_026522
Choricystis parasitica	NC_025539
Chromera velia	NC_014340
Chromerida sp. RM11	NC_014345
Chromochloris zofingiensis	NC_029672
Chrysanthemum indicum	NC_020320
Chrysanthemum x morifolium	NC_020092
Chrysobalanus icaco	NC_024061
Chrysopogon gryllus	NC_035035
Chrysopogon orientalis	NC_035047
Chrysopogon serrulatus	NC_029884
Chrysopogon zizanioides	NC_035034
Chuniophoenix nana	NC_029966
Chusquea circinata	NC_027490
Chusquea liebmannii	NC_026969
Chusquea spectabilis	NC_026959
Cicer arietinum	NC_011163
Cinnamomum verum	NC_035236
Cistanche deserticola	NC_021111
Cistanche phelypaea	NC_025642
Cistanthe longiscapa	NC_035140
Citrullus lanatus	NC_032008
Citrullus mucosospermus	NC_033899
Citrus aurantiifolia	NC_024929
Citrus depressa	NC_031894
Citrus limon	NC_034690
Citrus maxima	NC_034290
Citrus platymamma	NC_030194
Citrus reticulata	NC_034671
Citrus sinensis	NC_008334
Clausena excavata	NC_032685
Clematis terniflora	NC_028000
Clermontia fauriei	NC_035355
Cliftonaea pectinata	NC_035294
Closterium baillyanum	NC_030314
Coccinia grandis	NC_031834
Coccomyxa subellipsoidea C-169	NC_015084
Coccophora langsdorfii	NC_032288
Cochlearia borzaeana	NC_029253
Cochlearia islandica	NC_029254
Cochlearia pyrenaica	NC_029331
Cochlearia tridactylites	NC_029332
Cocos nucifera	NC_022417
Codium decorticatum	NC_032043
Coeloseira compressa	NC_030338
Coffea arabica	NC_008535
Coffea canephora	NC_030053
Coix lacryma-jobi	NC_013273
Colchicum autumnale	NC_030064
Coleataenia prionitis	NC_025231
Coleochaete scutata	NC_030358
Colobanthus quitensis	NC_028080
Colocasia esculenta	NC_016753
Colpothrinax cookii	NC_028026
Conopholis americana	NC_023131
Corallorhiza bulbosa	NC_025659
Corallorhiza macrantha	NC_025660
Corallorhiza mertensiana	NC_025661
Corallorhiza odontorhiza	NC_025664
Corallorhiza trifida	NC_025662
Corallorhiza wisteriana	NC_025663
Coreanomecon hylomeconoides	NC_031446
Coriandrum sativum	NC_029850
Cornus controversa	NC_030260
Corylus avellana	NC_031855
Corylus chinensis	NC_032351
Corylus fargesii	NC_031854
Corylus heterophylla	NC_031856
Corymbia eximia	NC_022409
Corymbia gummifera	NC_022407
Corymbia henryi	NC_028409
Corymbia maculata	NC_022408
Corymbia tessellaris	NC_022410
Corymbia torelliana	NC_028410
Corynocarpus laevigatus	NC_014807
Corypha lecomtei	NC_029965
Coscinodiscus radiatus	NC_024081
Cosmarium botrytis	NC_030357
Costaria costata	NC_028502
Couepia caryophylloides	NC_030547
Couepia grandiflora	NC_030548
Couepia guianensis	NC_024063
Couepia ovalifolia	NC_030549
Couepia paraensis	NC_030550
Couepia polyandra	NC_030551
Couepia rankiniae	NC_030552
Couepia sandwithii	NC_030553
Couepia subcordata	NC_030554
Crithmum maritimum	NC_015804
Crucihimalaya wallichii	NC_009271
Cryptoglena skujai	NC_027286
Cryptomeria japonica	NC_010548
Cryptomonas paramecium	NC_013703
Cucumis hystrix	NC_023544
Cucumis melo subsp. melo	NC_015983
Cucumis sativus	NC_007144
Cunninghamia lanceolata	NC_021437
Cupressus chengiana	NC_034788
Cupressus gigantea	NC_028155
Cupressus sempervirens	NC_026296
Curcuma flaviflora	NC_028729
Curcuma roscoeana	NC_022928
Cyanea fissa	NC_033363
Cyanea leptostegia	NC_035356
Cyanidioschyzon merolae strain 10D	NC_004799
Cyanidium caldarium	NC_001840
Cyanophora paradoxa	NC_001675
Cycas panzhihuaensis	NC_031413
Cycas revoluta	NC_020319
Cycas taitungensis	NC_009618
Cyclocarya paliurus	NC_034315
Cylindrocystis brebissonii	NC_030359
Cylindrotheca closterium	NC_024082
Cymbidium aloifolium	NC_021429
Cymbidium ensifolium	NC_028525
Cymbidium faberi	NC_027743
Cymbidium goeringii	NC_028524
Cymbidium kanran	NC_029711
Cymbidium lancifolium	NC_029712
Cymbidium macrorhizon	NC_029713
Cymbidium mannii	NC_021433
Cymbidium sinense	NC_021430
Cymbidium tortisepalum	NC_021431
Cymbidium tracyanum	NC_021432
Cymbomonas tetramitiformis	NC_030169
Cymbopogon flexuosus	NC_035040
Cynanchum auriculatum	NC_029460
Cynanchum wilfordii	NC_029459
Cynara baetica	NC_028005
Cynara cornigera	NC_028006
Cynara humilis	NC_027113
Cynodon dactylon	NC_034680
Cypripedium formosanum	NC_026772
Cypripedium japonicum	NC_027227
Cypripedium macranthos	NC_024421
Cyrtomium devexiscapulae	NC_028542
Cyrtomium falcatum	NC_028705
Cytinus hypocistis	NC_031150
Dacrycarpus imbricatus	NC_034942
Dactyladenia bellayana	NC_030555
Dactyladenia buchneri	NC_030556
Dactyladenia floretii	NC_030557
Dactylis glomerata	NC_027473
Daiswa chinensis	NC_033517
Daiswa dunniana	NC_033512
Daiswa forrestii	NC_033513
Daiswa yunnanensis	NC_033518
Danthonia californica	NC_025232
Danthoniopsis dinteri	NC_030502
Dasya binghamiae	NC_031161
Dasya naccarioides	NC_035280
Dasyclonium flaccidum	NC_035287
Dasypogon bromeliifolius	NC_020367
Datura stramonium	NC_018117
Daucus carota	NC_008325
Davidia involucrata	NC_031376
Delissea rhytidosperma	NC_033364
Dendrobium aphyllum	NC_035322
Dendrobium brymerianum	NC_035323
Dendrobium catenatum	NC_024019
Dendrobium chrysanthum	NC_035336
Dendrobium chrysotoxum	NC_028549
Dendrobium crepidatum	NC_035331
Dendrobium denneanum	NC_035324
Dendrobium devonianum	NC_035325
Dendrobium ellipsophyllum	NC_035340
Dendrobium exile	NC_035343
Dendrobium falconeri	NC_035326
Dendrobium fanjingshanense	NC_035344
Dendrobium fimbriatum	NC_035342
Dendrobium gratiosissimum	NC_035327
Dendrobium henryi	NC_035335
Dendrobium hercoglossum	NC_035328
Dendrobium huoshanense	NC_028430
Dendrobium jenkinsii	NC_035337
Dendrobium moniliforme	NC_035154
Dendrobium nobile	NC_029456
Dendrobium parciflorum	NC_035334
Dendrobium parishii	NC_035339
Dendrobium pendulum	NC_029705
Dendrobium primulinum	NC_035321
Dendrobium salaccense	NC_035332
Dendrobium spatella	NC_035333
Dendrobium strongylanthum	NC_027691
Dendrobium wardianum	NC_035329
Dendrobium wilsonii	NC_035330
Dendrobium xichouense	NC_035341
Dendrocalamus latiflorus	NC_013088
Dendropanax dentiger	NC_026546
Dendropanax morbifer	NC_027607
Derbesia sp. WEST4838	NC_031367
Dermonema virens	NC_031655
Deschampsia antarctica	NC_023533
Dialypetalum floribundum	NC_035357
Diandrolyra sp. Clark 1301	NC_026960
Diarrhena obovata	NC_027474
Diastatea micrantha	NC_035358
Dichanthelium acuminatum	NC_030623
Dichanthium sericeum	NC_035018
Dichotomaria marginata	NC_031656
Dichrostachys cinerea	NC_035346
Dicloster acuatus	NC_025546
Dictyomenia sonderi	NC_035297
Didymosphenia geminata	NC_024083
Dieffenbachia seguine	NC_027272
Digenea simplex	NC_035298
Digitalis lanata	NC_034688
Digitaria exilis	NC_024176
Dionaea muscipula	NC_035417
Dioon spinulosum	NC_027512
Dioscorea elephantipes	NC_009601
Dioscorea rotundata	NC_024170
Dioscorea villosa	NC_034686
Dioscorea zingiberensis	NC_027090
Diospyros blancoi	NC_033502
Diospyros glaucifolia	NC_030784
Diospyros kaki	NC_030789
Diospyros lotus	NC_030786
Diospyros oleifera	NC_030787
Diplopanax stachyanthus	NC_029750
Diplopterygium glaucum	NC_024158
Diplostephium alveolatum	NC_034847
Diplostephium antioquense	NC_034876
Diplostephium apiculatum	NC_034902
Diplostephium azureum	NC_034882
Diplostephium barclayanum	NC_034853
Diplostephium cajamarquillense	NC_034872
Diplostephium callilepis	NC_034856
Diplostephium camargoanum	NC_034897
Diplostephium cayambense	NC_034886
Diplostephium cinerascens	NC_034850
Diplostephium cinereum	NC_034869
Diplostephium colombianum	NC_034861
Diplostephium coriaceum	NC_034899
Diplostephium costaricense	NC_034879
Diplostephium crypteriophyllum	NC_034881
Diplostephium empetrifolium	NC_034891
Diplostephium ericoides	NC_034870
Diplostephium eriophorum	NC_034874
Diplostephium espinosae	NC_034880
Diplostephium floribundum	NC_034857
Diplostephium foliosissimum	NC_034883
Diplostephium frontinense	NC_034893
Diplostephium glandulosum	NC_034854
Diplostephium glutinosum	NC_034875
Diplostephium gnidioides	NC_034867
Diplostephium goodspeedii	NC_034901
Diplostephium gynoxyoides	NC_034862
Diplostephium haenkei	NC_034871
Diplostephium hartwegii	NC_034832
Diplostephium heterophyllum	NC_034896
Diplostephium hippophae	NC_034831
Diplostephium huertasii	NC_034812
Diplostephium inesianum	NC_034895
Diplostephium jaramilloi	NC_034894
Diplostephium jelskii	NC_034811
Diplostephium jenesanum	NC_034829
Diplostephium juajibioyi	NC_034822
Diplostephium juniperinum	NC_034813
Diplostephium lacunosum	NC_034878
Diplostephium lechleri	NC_034816
Diplostephium meyenii	NC_034824
Diplostephium mutiscuanum	NC_034827
Diplostephium oblanceolatum	NC_034830
Diplostephium oblongifolium	NC_034818
Diplostephium obtusum	NC_034814
Diplostephium ochraceum	NC_034903
Diplostephium oxapampanum	NC_034815
Diplostephium phylicoides	NC_034873
Diplostephium pulchrum	NC_034810
Diplostephium rhododendroides	NC_034820
Diplostephium rhomboidale	NC_034859
Diplostephium romeroi	NC_034885
Diplostephium rosmarinifolium	NC_034900
Diplostephium rupestre	NC_034865
Diplostephium sagasteguii	NC_034828
Diplostephium schultzii	NC_034892
Diplostephium spinulosum	NC_034823
Diplostephium tachirense	NC_034825
Diplostephium tenuifolium	NC_034860
Diplostephium venezuelense	NC_034887
Diplostephium violaceum	NC_034817
Dipterocladia arabiensis	NC_035257
Dipteronia dyeriana	NC_031899
Dipteronia sinensis	NC_029338
Dipterosiphonia australica	NC_035288
Distichlis bajaensis	NC_029894
Distichlis spicata	NC_029895
Dorcoceras hygrometricum	NC_016468
Downingia cuspidata	NC_035359
Downingia elegans	NC_035360
Draba nemorosa	NC_009272
Dracocephalum palmatum	NC_031874
Drimys granadensis	NC_008456
Drosera erythrorhiza	NC_035241
Drosera regia	NC_035415
Drosera rotundifolia	NC_029770
Dunalia brachyacantha	NC_026906
Dunalia obovata	NC_026563
Dunalia solanacea	NC_027099
Dunaliella salina	NC_016732
Durinskia baltica	NC_014287
Echinacea angustifolia	NC_034324
Echinacea atrorubens	NC_034323
Echinacea laevigata	NC_034322
Echinacea pallida	NC_034321
Echinacea paradoxa	NC_034320
Echinacea purpurea	NC_034327
Echinacea sanguinea	NC_034328
Echinacea speciosa	NC_034325
Echinacea tennesseensis	NC_034326
Echinochloa colona	NC_032383
Echinochloa crus-galli	NC_028719
Echinochloa esculenta	NC_032379
Echinochloa frumentacea	NC_029827
Echinochloa oryzicola	NC_024643
Echites umbellatus	NC_025655
Eclipta prostrata	NC_030773
Ectocarpus siliculosus	NC_013498
Elaeagnus macrophylla	NC_028066
Elaeis guineensis	NC_017602
Eleusine indica	NC_030486
Eleutherococcus senticosus	NC_016430
Elleanthus sodiroi	NC_027266
Elliptochloris bilobata	NC_025548
Elodea canadensis	NC_018541
Elytrophorus spicatus	NC_025233
Emiliania huxleyi	NC_007288
Encephalartos lehmannii	NC_027514
Entransia fimbriata	NC_030313
Ephedra equisetina	NC_011954
Ephedra foeminea	NC_029347
Epimedium acuminatum	NC_029941
Epimedium dolichostemon	NC_029942
Epimedium koreanum	NC_029943
Epimedium lishihchenii	NC_029944
Epimedium pseudowushanense	NC_029945
Epimedium sagittatum	NC_029428
Epipactis mairei	NC_030705
Epipactis veratrifolia	NC_030708
Epipogium aphyllum	NC_026449
Epipogium roseum	NC_026448
Epipremnum aureum	NC_027954
Equisetum arvense	NC_014699
Equisetum hyemale	NC_020146
Eragrostis minor	NC_029412
Eragrostis tef	NC_029413
Eremochloa ciliaris	NC_035028
Eremochloa eriopoda	NC_035023
Eremospatha macrocarpa	NC_029964
Eriachne armittii	NC_034791
Eriachne stipacea	NC_025234
Eriobotrya japonica	NC_034639
Eriochloa meyeriana	NC_030624
Eriochrysis cf. cayennensis 365-2	NC_029882
Eriochrysis laxa	NC_029883
Eriocnema fulva	NC_031878
Eriolarynx fasciculata	NC_030171
Erodium absinthoides	NC_026847
Erodium carvifolium	NC_015083
Erodium chrysanthum	NC_027065
Erodium crassifolium	NC_025906
Erodium gruinum	NC_025907
Erodium guttatum	NC_018762
Erodium manescavi	NC_030720
Erodium reichardii	NC_030721
Erodium rupestre	NC_030719
Erodium texanum	NC_014569
Erodium trifolium	NC_024635
Erycina pusilla	NC_018114
Erythranthe lutea	NC_030212
Erythrotrichia carnea	NC_031176
Erythroxylum novogranatense	NC_030601
Ettlia pseudoalveolaris	NC_025532
Eucalyptus aromaphloia	NC_022396
Eucalyptus baxteri	NC_022382
Eucalyptus camaldulensis	NC_022398
Eucalyptus cladocalyx	NC_022394
Eucalyptus cloeziana	NC_022388
Eucalyptus curtisii	NC_022391
Eucalyptus deglupta	NC_022399
Eucalyptus delegatensis	NC_022380
Eucalyptus diversicolor	NC_022402
Eucalyptus diversifolia	NC_022383
Eucalyptus elata	NC_022385
Eucalyptus erythrocorys	NC_022406
Eucalyptus globulus subsp. globulus	NC_008115
Eucalyptus grandis	NC_014570
Eucalyptus guilfoylei	NC_022405
Eucalyptus marginata	NC_022390
Eucalyptus melliodora	NC_022392
Eucalyptus microcorys	NC_022404
Eucalyptus nitens	NC_022395
Eucalyptus obliqua	NC_022378
Eucalyptus patens	NC_022389
Eucalyptus polybractea	NC_022393
Eucalyptus radiata	NC_022379
Eucalyptus regnans	NC_022386
Eucalyptus saligna	NC_022397
Eucalyptus salmonophloia	NC_022403
Eucalyptus sieberi	NC_022384
Eucalyptus spathulata	NC_022400
Eucalyptus torquata	NC_022401
Eucalyptus umbra	NC_022387
Eucalyptus verrucata	NC_022381
Eugeissona tristis	NC_029963
Eugenia uniflora	NC_027744
Euglena archaeoplastidiata	NC_035156
Euglena gracilis	NC_001603
Euglena viridis	NC_020460
Euglenaformis proxima	NC_024154
Euglenaria anabaena	NC_027269
Eulalia aurea	NC_030503
Eulalia contorta	NC_035026
Eulalia siamensis	NC_035031
Eulaliopsis binata	NC_035049
Eunotia naegelii	NC_024928
Euonymus japonicus	NC_028067
Euphorbia esula	NC_033910
Euptelea pleiosperma	NC_029429
Eustrephus latifolius	NC_025305
Eutrema botschantzevii	NC_029379
Eutrema halophilum	NC_029378
Eutrema heterophyllum	NC_028728
Eutrema salsugineum	NC_028170
Eutrema yunnanense	NC_028727
Eutreptiella gymnastica	NC_017754
Exellodendron barbatum	NC_030558
Exostigma notobellidiastrum	NC_034864
Fagopyrum esculentum subsp. ancestrale	NC_010776
Fagopyrum tataricum	NC_027161
Faidherbia albida	NC_035347
Fargesia denudata	NC_034747
Fargesia nitida	NC_024715
Fargesia spathacea	NC_024716
Fargesia yunnanensis	NC_024717
Fatsia japonica	NC_027685
Ferrocalamus rimosivaginus	NC_015831
Festuca altissima	NC_019648
Festuca arundinacea	NC_011713
Festuca ovina	NC_019649
Festuca pratensis	NC_019650
Ficus carica	NC_035237
Ficus racemosa	NC_028185
Ficus religiosa	NC_033979
Fistulifera solaris	NC_015403
Floscaldasia hypsophila	NC_034888
Floydiella terrestris	NC_014346
Foeniculum vulgare	NC_029469
Fragaria chiloensis	NC_019601
Fragaria mandshurica	NC_018767
Fragaria pentaphylla	NC_034347
Fragaria vesca subsp. bracteata	NC_018766
Fragaria vesca subsp. vesca	NC_015206
Fragaria virginiana	NC_019602
Francoa sonchifolia	NC_021101
Fritillaria cirrhosa	NC_024728
Fritillaria hupehensis	NC_024736
Fritillaria taipaiensis	NC_023247
Fritillaria thunbergii	NC_034368
Fritillaria ussuriensis	NC_034369
Fucus vesiculosus	NC_016735
Fusochloris perforata	NC_025543
Galaxaura rugosa	NC_031657
Galdieria sulphuraria	NC_024665
Galinsoga quadriradiata	NC_031853
Gaoligongshania megalothyrsa	NC_024718
Garnotia tenella	NC_035051
Garnotia thailandica	NC_035042
Gaulettia elata	NC_030559
Gelidium elegans	NC_029858
Gelidium vagum	NC_029859
Gelidocalamus tessellatus	NC_024719
Geminella minor	NC_025544
Genlisea margaretae	NC_025652
Gentiana crassicaulis	NC_027442
Gentiana straminea	NC_027441
Gentiana tibetica	NC_030319
Geranium incanum	NC_030045
Geranium maderense	NC_029999
Geranium palmatum	NC_014573
Germainia capitata	NC_035046
Ginkgo biloba	NC_016986
Glehnia littoralis	NC_034645
Gloeotilopsis sterilis	NC_025538
Gloriosa superba	NC_030065
Glycine canescens	NC_021647
Glycine cyrtoloba	NC_021645
Glycine dolichocarpa	NC_021648
Glycine falcata	NC_021649
Glycine gracilis	NC_030329
Glycine max	NC_007942
Glycine soja	NC_022868
Glycine stenophita	NC_021646
Glycine syndetika	NC_021650
Glycine tomentella	NC_021636
Glycosmis mauritiana	NC_032686
Glycosmis pentaphylla	NC_032687
Glycyrrhiza glabra	NC_024038
Glycyrrhiza lepidota	NC_034229
Glyptostrobus pensilis	NC_031354
Gnetum gnemon	NC_026301
Gnetum montanum	NC_021438
Gnetum parvifolium	NC_011942
Gnetum ula	NC_028734
Gonium pectorale	NC_020438
Goodyera fumata	NC_026773
Goodyera procera	NC_029363
Goodyera schlechtendaliana	NC_029364
Goodyera velutina	NC_029365
Gossypium anomalum	NC_023213
Gossypium arboreum	NC_016712
Gossypium areysianum	NC_018112
Gossypium aridum	NC_033396
Gossypium armourianum	NC_033400
Gossypium australe	NC_033401
Gossypium barbadense	NC_008641
Gossypium bickii	NC_023214
Gossypium capitis-viridis	NC_018111
Gossypium darwinii	NC_016670
Gossypium davidsonii	NC_033395
Gossypium gossypioides	NC_017894
Gossypium harknessii	NC_033333
Gossypium herbaceum	NC_023215
Gossypium herbaceum subsp. africanum	NC_016692
Gossypium hirsutum	NC_007944
Gossypium incanum	NC_018109
Gossypium klotzschianum	NC_033394
Gossypium longicalyx	NC_023216
Gossypium mustelinum	NC_016711
Gossypium nelsonii	NC_033399
Gossypium populifolium	NC_033398
Gossypium raimondii	NC_016668
Gossypium robinsonii	NC_018113
Gossypium somalense	NC_018110
Gossypium stocksii	NC_023217
Gossypium sturtianum	NC_023218
Gossypium thurberi	NC_015204
Gossypium tomentosum	NC_016690
Gossypium trilobum	NC_033397
Gossypium turneri	NC_026835
Gracilaria chilensis	NC_029860
Gracilaria chorda	NC_031149
Gracilaria firma	NC_033877
Gracilaria salicornia	NC_023785
Gracilaria tenuistipitata var. liui	NC_006137
Gracilariopsis lemaneiformis	NC_029644
Graffenrieda moritziana	NC_031879
Grangeria borbonica	NC_030560
Grateloupia taiwanensis	NC_021618
Gredgaria maugeana	NC_035290
Greslania sp. McPherson 19217	NC_026961
Guadua angustifolia	NC_029749
Guadua chacoensis	NC_029232
Guadua weberbaueri	NC_026991
Guillardia theta	NC_000926
Guizotia abyssinica	NC_010601
Gymnaconitum gymnandrum	NC_033341
Gymnochlora stellata	NC_029741
Gymnospermium microrrhynchum	NC_030061
Gynochthodes nanlingensis	NC_028614
Gynochthodes officinalis	NC_028009
Gynostemma pentaphyllum	NC_029484
Habenaria pantlingiana	NC_026775
Haberlea rhodopensis	NC_031852
Hafniomonas laevis	NC_028583
Hakonechloa macra	NC_025235
Haloxylon ammodendron	NC_027668
Haloxylon persicum	NC_027669
Hanabusaya asiatica	NC_024732
Hanguana malayana	NC_029962
Hansenia forbesii	NC_035054
Hansenia forrestii	NC_035056
Hansenia oviformis	NC_035055
Hansenia weberbaueriana	NC_035053
Haplostachys haplostachya	NC_029819
Helianthus annuus	NC_007977
Helianthus argophyllus	NC_030275
Helianthus debilis	NC_030173
Helianthus decapetalus	NC_023110
Helianthus divaricatus	NC_023109
Helianthus giganteus	NC_023107
Helianthus grosseserratus	NC_023108
Helianthus hirsutus	NC_023111
Helianthus maximiliani	NC_023114
Helianthus strumosus	NC_023113
Helianthus tuberosus	NC_023112
Heliconia collinsiana	NC_020362
Helictochloa hookeri	NC_027469
Helminthocladia australis	NC_031658
Helminthora furcellata	NC_031654
Heloniopsis tubiflora	NC_027159
Helwingia himalaica	NC_031370
Hemisorghum mekongense	NC_035022
Henriettea barkeri	NC_031880
Herposiphonia versicolor	NC_035279
Hesperaloe campanulata	NC_032702
Hesperaloe parviflora	NC_032703
Hesperelaea palmeri	NC_025787
Hesperocallis undulata	NC_032704
Hesperocyparis glabra	NC_026297
Hesperoyucca whipplei	NC_032705
Heteropogon contortus	NC_035027
Heteropogon triticeus	NC_035025
Heterosigma akashiwo	NC_010772
Hevea brasiliensis	NC_015308
Hibiscus syriacus	NC_026909
Hickelia madagascariensis	NC_026962
Hilaria cenchroides	NC_029415
Hilaria rigida	NC_029896
Hildenbrandia rivularis	NC_031177
Hildenbrandia rubra	NC_031146
Hinterhubera ericoides	NC_034884
Hippobroma longiflora	NC_035361
Hirtella macrosepala	NC_030561
Hirtella physophora	NC_024066
Hirtella racemosa	NC_024060
Hirtella suffulta	NC_030562
Hirtella zanzibarica	NC_030563
Hommersandiophycus borowitzkae	NC_031659
Hordeum jubatum	NC_027476
Hordeum vulgare subsp. vulgare	NC_008590
Hosta ventricosa	NC_032706
Humulus lupulus	NC_028032
Hunga gerontogea	NC_030564
Huperzia lucidula	NC_006861
Huperzia serrata	NC_033874
Hydnora visseri	NC_029358
Hydrangea petiolaris	NC_034935
Hydrangea serrata	NC_034934
Hydrastis canadensis	NC_034702
Hydrocotyle verticillata	NC_015818
Hydrodictyon reticulatum	NC_034655
Hyoscyamus niger	NC_024261
Hyparrhenia diplandra	NC_035037
Hyparrhenia rufa	NC_035011
Hyparrhenia subplumosa	NC_030625
Hypseocharis bilobata	NC_023260
Idesia polycarpa	NC_032060
Ignatius tetrasporus	NC_034712
Ilex dumosa	NC_031208
Ilex paraguariensis	NC_031207
Illicium anisatum	NC_034703
Illicium floridanum	NC_034685
Illicium henryi	NC_034699
Illicium oligandrum	NC_009600
Illicium verum	NC_034689
Imperata cylindrica	NC_030487
Indocalamus longiauritus	NC_015803
Indocalamus wilsonii	NC_024720
Indosasa sinica	NC_024721
Inga leiocalycina	NC_028732
Interfilum terricola	NC_025542
Iochroma australe	NC_029833
Iochroma cardenasianum	NC_029746
Iochroma cyaneum	NC_030178
Iochroma ellipticum	NC_030177
Iochroma lehmannii	NC_030167
Iochroma loxense	NC_026726
Iochroma nitidum	NC_026567
Iochroma salpoanum	NC_030168
Iochroma stenanthum	NC_026574
Iochroma tingoanum	NC_027177
Iochroma umbellatum	NC_030044
Ionopsidium acaule	NC_029333
Ipomoea batatas	NC_026703
Ipomoea nil	NC_031159
Ipomoea purpurea	NC_009808
Ipomoea trifida	NC_034670
Iris gatesii	NC_024936
Iris sanguinea	NC_029227
Isachne distichophylla	NC_025236
Isatis tinctoria	NC_028415
Ischaemum afrum	NC_030488
Iseilema macratherum	NC_030611
Isoetes flaccida	NC_014675
Isotoma hypocrateriformis	NC_035363
Isotoma tridens	NC_035362
Izziella formosana	NC_031660
Jacobaea vulgaris	NC_015543
Jasminum nudiflorum	NC_008407
Jasminum sambac	NC_034694
Jasminum tortuosum	NC_034691
Jatropha curcas	NC_012224
Jenufa minuta	NC_028582
Jenufa perforata	NC_028581
Joinvillea ascendens	NC_031427
Juglans cathayensis	NC_033893
Juglans mandshurica	NC_033892
Juglans regia	NC_028617
Juglans sigillata	NC_031373
Juniperus bermudiana	NC_024021
Juniperus cedrus	NC_028190
Juniperus communis	NC_035068
Juniperus monosperma	NC_024022
Juniperus scopulorum	NC_024023
Juniperus virginiana	NC_024024
Kalopanax septemlobus	NC_022814
Kerriochloa siamensis	NC_035009
Keteleeria davidiana	NC_011930
Kirchneriella aperta	NC_029676
Klebsormidium flaccidum	NC_024167
Koliella corcontica	NC_025536
Koliella longiseta	NC_025531
Kolkwitzia amabilis	NC_029874
Kostermanthus robustus	NC_030565
Kryptoperidinium foliaceum	NC_014267
Kuetzingia canaliculata	NC_035293
Kumanoa americana	NC_031178
Lactuca sativa	NC_007578
Laennecia sophiifolia	NC_034877
Laestadia muscicola	NC_034858
Lagenophora cuchumatanica	NC_034819
Lagerstroemia fauriei	NC_029808
Lagerstroemia floribunda	NC_031825
Lagerstroemia guilinensis	NC_029885
Lagerstroemia indica	NC_030484
Lagerstroemia intermedia	NC_034662
Lagerstroemia speciosa	NC_031414
Lagerstroemia subcostata	NC_034952
Lambia antarctica	NC_032284
Larix decidua	NC_016058
Larrea tridentata	NC_028023
Lathraea squamaria	NC_027838
Lathyrus clymenum	NC_027148
Lathyrus davidii	NC_027073
Lathyrus graminifolius	NC_027074
Lathyrus inconspicuus	NC_027149
Lathyrus japonicus	NC_027075
Lathyrus littoralis	NC_027076
Lathyrus ochroleucus	NC_027077
Lathyrus odoratus	NC_027150
Lathyrus palustris	NC_027078
Lathyrus pubescens	NC_027079
Lathyrus sativus	NC_014063
Lathyrus tingitanus	NC_027151
Lathyrus venosus	NC_027080
Laurenciella marilzae	NC_035259
Laurus nobilis	NC_034700
Lavandula angustifolia	NC_029370
Lecomtella madagascariensis	NC_024106
Ledebouriella seseloides	NC_034643
Leersia japonica	NC_034766
Leersia tisserantii	NC_016677
Legenere valdiviana	NC_035364
Leitneria floridana	NC_030482
Lemna minor	NC_010109
Lens culinaris	NC_027152
Leontopodium leiolepis	NC_027835
Lepidium meyenii	NC_034363
Lepidium virginicum	NC_009273
Lepidodinium chlorophorum	NC_027093
Lepidozamia peroffskyana	NC_027513
Leptaspis banksii	NC_033863
Leptaspis zeylanica	NC_033864
Leptocylindrus danicus	NC_024084
Leucaena trichandra	NC_028733
Leucothrinax morrisii	NC_029961
Liagora brachyclada	NC_031667
Liagora harveyana	NC_031661
Liagoropsis maxima	NC_031662
Licania alba	NC_024064
Licania canescens	NC_030566
Licania glabriflora	NC_030567
Licania heteromorpha	NC_024062
Licania macrophylla	NC_030568
Licania majuscula	NC_030569
Licania membranacea	NC_030570
Licania michauxii	NC_030571
Licania micrantha	NC_030572
Licania minutiflora	NC_030573
Licania ovalifolia	NC_030574
Licania sprucei	NC_024065
Licania tomentosa	NC_030575
Ligusticum tenuissimum	NC_029394
Lilium cernuum	NC_034840
Lilium distichum	NC_029937
Lilium fargesii	NC_033908
Lilium hansonii	NC_027674
Lilium sp. KHK-2014	NC_027679
Lilium superbum	NC_026787
Lilium taliense	NC_034370
Lilium tsingtauense	NC_027675
Lindenbergia philippensis	NC_022859
Liquidambar formosana	NC_023092
Liriodendron chinense	NC_030504
Liriodendron tulipifera	NC_008326
Listera fugongensis	NC_030711
Litchi chinensis	NC_035238
Lithachne pauciflora	NC_026970
Lithocarpus balansae	NC_026577
Lithodesmium undulatum	NC_024085
Lithotoma petraea	NC_033365
Llerasia caucana	NC_034821
Lobelia aberdarica	NC_035365
Lobelia acrochila	NC_035366
Lobelia anceps	NC_033366
Lobelia bambuseti	NC_035368
Lobelia bequaertii	NC_035369
Lobelia boninensis	NC_033367
Lobelia chinensis	NC_035370
Lobelia columnaris	NC_035371
Lobelia davidii	NC_035372
Lobelia doniana	NC_035373
Lobelia gibberoa	NC_035374
Lobelia inflata	NC_033368
Lobelia jasionoides	NC_033369
Lobelia laxiflora	NC_033370
Lobelia longisepala	NC_033371
Lobelia lukwangulensis	NC_035376
Lobelia melliana	NC_035377
Lobelia morogoroensis	NC_033372
Lobelia muscoides	NC_035379
Lobelia niihauensis	NC_035380
Lobelia organensis	NC_035382
Lobelia petiolata	NC_035383
Lobelia polyphylla	NC_033373
Lobelia rhynchopetalum	NC_035384
Lobelia ritabeaniana	NC_035385
Lobelia sancta	NC_035386
Lobelia seguinii	NC_035387
Lobelia sessilifolia	NC_035388
Lobelia stuhlmannii	NC_035389
Lobelia telekii	NC_035390
Lobelia thapsoidea	NC_035391
Lobelia thuliniana	NC_033375
Lobelia udzungwensis	NC_035392
Lobelia urens	NC_035393
Lobelia wollastonii	NC_035394
Lobelia x kauaensis	NC_035375
Lobelia yuccoides	NC_035395
Lobosphaera incisa	NC_025533
Lobularia maritima	NC_009274
Lodoicea maldivica	NC_029960
Lolium multiflorum	NC_019651
Lolium perenne	NC_009950
Lonicera japonica	NC_026839
Lophocladia kuetzingii	NC_035292
Lotharella vacuolata	NC_029743
Lotus japonicus	NC_002694
Loudetiopsis kerstingii	NC_030612
Ludisia discolor	NC_030540
Ludwigia octovalvis	NC_031385
Lupinus luteus	NC_023090
Luzuriaga radicans	NC_025333
Lychnis wilfordii	NC_035225
Lygodium japonicum	NC_022136
Lysimachia coreana	NC_026197
Lysionotus pauciflorus	NC_034660
Maackia floribunda	NC_034774
Macadamia integrifolia	NC_025288
Machilus balansae	NC_028074
Machilus pauhoi	NC_035318
Machilus thunbergii	NC_035319
Machilus yunnanensis	NC_028073
Macrozamia mountperriensis	NC_027511
Magnistipula butayei	NC_030576
Magnolia biondii	NC_034687
Magnolia cathcartii	NC_023234
Magnolia dealbata	NC_023235
Magnolia denudata	NC_018357
Magnolia grandiflora	NC_020318
Magnolia kobus	NC_023237
Magnolia kwangsiensis	NC_015892
Magnolia liliifera	NC_023238
Magnolia odora	NC_023239
Magnolia officinalis	NC_020316
Magnolia officinalis subsp. biloba	NC_020317
Magnolia pyramidata	NC_023236
Magnolia salicifolia	NC_023240
Magnolia sinica	NC_023241
Magnolia sprengeri	NC_023242
Magnolia tripetala	NC_024027
Magnolia yunnanensis	NC_024545
Malus prunifolia	NC_031163
Manfreda virginica	NC_032707
Mangifera indica	NC_035239
Manihot esculenta	NC_010433
Mankyua chejuensis	NC_017006
Maranthes gabunensis	NC_030577
Maranthes glabra	NC_030578
Maranthes kerstingii	NC_030579
Marchantia polymorpha	NC_001319
Marsilea crenata	NC_022137
Marvania geminata	NC_025549
Masdevallia coccinea	NC_026541
Masdevallia picturata	NC_026777
Mastocarpus papillatus	NC_031167
Mauritia flexuosa	NC_029947
Medicago falcata	NC_032066
Medicago hybrida	NC_027153
Medicago papillosa	NC_027154
Medicago truncatula	NC_003119
Megacarpaea delavayi	NC_034360
Megadenia pygmaea	NC_034357
Megaleranthis saniculifolia	NC_012615
Megathyrsus maximus	NC_030489
Melanothamnus harveyi	NC_035281
Melastoma candidum	NC_034716
Melianthus villosus	NC_023256
Melica mutica	NC_027477
Melica subulata	NC_027478
Meliosma aff. cuneifolia Moore 333	NC_029430
Membranoptera platyphylla	NC_032041
Membranoptera tenuis	NC_032399
Membranoptera weeksiae	NC_032396
Mentha longifolia	NC_032054
Merianthera pulchra	NC_031881
Merrillia caloxylon	NC_032688
Mesembryanthemum crystallinum	NC_029049
Mesostigma viride	NC_002186
Mesotaenium endlicherianum	NC_024169
Metanarthecium luteoviride	NC_029214
Metapanax delavayi	NC_022812
Metasequoia glyptostroboides	NC_027423
Metroxylon warburgii	NC_029959
Miconia dodecandra	NC_031882
Micromelum minutum	NC_032689
Micromonas commoda	NC_012575
Microthamnion kuetzingianum	NC_025537
Mikania micrantha	NC_031833
Millettia pinnata	NC_016708
Miscanthus sacchariflorus	NC_028720
Miscanthus sinensis	NC_028721
Mitragyna speciosa	NC_034698
Mnesithea helferi	NC_035036
Molinia caerulea	NC_033980
Monachather paradoxus	NC_025237
Monomastix sp. OKE-1	NC_012101
Monomorphina aenigmatica	NC_020018
Monomorphina parapyrum	NC_027287
Monotropa hypopitys	NC_029704
Monsonia emarginata	NC_029694
Monsonia marlothii	NC_029830
Monsonia speciosa	NC_014582
Morella rubra	NC_035006
Morus cathayana	NC_031822
Morus indica	NC_008359
Morus mongolica	NC_025772
Morus notabilis	NC_027110
Murraya koenigii	NC_032684
Musa balbisiana	NC_028439
Musa textilis	NC_022926
Mychonastes homosphaera	NC_029671
Mychonastes jurisii	NC_028579
Myriopteris lindheimeri	NC_014592
Myrmecia israelensis	NC_025525
Nageia nagi	NC_023120
Najas flexilis	NC_021936
Nandina domestica	NC_008336
Nannochloropsis gaditana	NC_020014
Nannochloropsis granulata	NC_022259
Nannochloropsis limnetica	NC_022262
Nannochloropsis oceanica	NC_022263
Nannochloropsis oculata	NC_022260
Nannochloropsis salina	NC_022261
Nasturtium officinale	NC_009275
Nelumbo lutea	NC_015605
Nelumbo nucifera	NC_015610
Nelumbo nucifera	NC_025339
Neocarya macrophylla	NC_030580
Neochloris aquatica	NC_029670
Neocystis brevis	NC_025535
Neodangemannia microcystis	NC_034713
Neohouzeaua sp. Clark & Attigala 1712	NC_026963
Neoizziella asiatica	NC_031663
Neololeba atra	NC_026964
Neotorularia korolkowii	NC_034361
Neottia acuminata	NC_030709
Neottia camtschatea	NC_030707
Neottia listeroides	NC_030713
Neottia nidus-avis	NC_016471
Neottia ovata	NC_030712
Neottia pinetorum	NC_030710
Nephroselmis astigmatica	NC_024829
Nephroselmis olivacea	NC_000927
Nepsera aquatica	NC_031883
Nerium oleander	NC_025656
Netrium digitus	NC_030356
Neyraudia reynaudiana	NC_024262
Nicotiana otophora	NC_032724
Nicotiana sylvestris	NC_007500
Nicotiana tabacum	NC_001879
Nicotiana tomentosiformis	NC_007602
Nicotiana undulata	NC_016068
Nolina atopocarpa	NC_032708
Nuphar advena	NC_008788
Nyholmiella obtusifolia	NC_026979
Nymphaea alba	NC_006050
Nymphaea jamesoniana	NC_031826
Nymphaea mexicana	NC_024542
Nypa fruticans	NC_029958
Ocimum basilicum	NC_035143
Odontella sinensis	NC_001713
Oedocladium carolinianum	NC_031510
Oedogonium cardiacum	NC_011031
Oenothera argillicola	NC_010358
Oenothera biennis	NC_010361
Oenothera elata subsp. hookeri	NC_002693
Oenothera glazioviana	NC_010360
Oenothera grandiflora	NC_029211
Oenothera oakesiana	NC_029212
Oenothera parviflora	NC_010362
Oenothera villaricae	NC_030532
Olea europaea	NC_013707
Olea europaea subsp. cuspidata	NC_015604
Olea europaea subsp. europaea	NC_015401
Olea europaea subsp. maroccana	NC_015623
Olea woodiana subsp. woodiana	NC_015608
Oligostachyum shiuyingianum	NC_024722
Olimarabidopsis pumila	NC_009267
Olmeca reflexa	NC_026965
Oltmannsiellopsis viridis	NC_008099
Olyra latifolia	NC_024165
Oncidium hybrid cultivar	NC_014056
Oncidium sphacelatum	NC_028148
Oncinotis tenuiloba	NC_025657
Oncorachis ramosa	NC_030490
Oogamochlamys gigantea	NC_028580
Ophidocladus simpliciusculus	NC_035284
Ophioglossum californicum	NC_020147
Opisthocentra clidemioides	NC_031884
Oplismenus hirtellus	NC_030491
Oritrophium peruvianum	NC_034849
Orobanche austrohispanica	NC_031441
Orobanche californica	NC_025651
Orobanche crenata	NC_024845
Orobanche densiflora	NC_031442
Orobanche gracilis	NC_023464
Orobanche pancicii	NC_031443
Orobanche rapum-genistae	NC_031444
Orthotrichum rogeri	NC_026212
Orychophragmus hupehensis	NC_033500
Orychophragmus taibaiensis	NC_033499
Oryza alta	NC_034760
Oryza australiensis	NC_024608
Oryza barthii	NC_027460
Oryza brachyantha	NC_030596
Oryza eichingeri	NC_034759
Oryza glaberrima	NC_024175
Oryza glumipatula	NC_027461
Oryza grandiglumis	NC_034761
Oryza latifolia	NC_034762
Oryza longiglumis	NC_034763
Oryza longistaminata	NC_027462
Oryza meridionalis	NC_016927
Oryza meyeriana	NC_034765
Oryza minuta	NC_030298
Oryza nivara	NC_005973
Oryza officinalis	NC_027463
Oryza punctata	NC_027676
Oryza rhizomatis	NC_034758
Oryza ridleyi	NC_034764
Oryza rufipogon	NC_017835
Oryza sativa	NC_031333
Oryza sativa Indica Group	NC_008155
Oryza sativa Indica Group	NC_027678
Oryza sativa Japonica Group	NC_001320
Oryzopsis asperifolia	NC_027479
Osmundaria fimbriata	NC_035262
Osmundastrum cinnamomeum	NC_024157
Ostericum grosseserratum	NC_028618
Ostreobium quekettii	NC_030629
Ostreococcus tauri	NC_008289
Ostrya rehderiana	NC_028349
Ostrya trichocarpa	NC_034295
Osyris alba	NC_027960
Otachyrium versicolor	NC_030492
Otatea acuminata	NC_026971
Otatea glauca	NC_028631
Oxyria sinensis	NC_032031
Oziroe biflora	NC_032709
Pabia signiensis	NC_025529
Pachycladon cheesemanii	NC_021102
Pachycladon enysii	NC_018565
Pachysandra terminalis	NC_029433
Paeonia obovata	NC_026076
Paeonia veitchii	NC_032401
Palmaria palmata	NC_031147
Palmophyllum crassum	NC_033387
Panax ginseng	NC_006290
Panax japonicus	NC_028703
Panax notoginseng	NC_026447
Panax quinquefolius	NC_027456
Panax stipuleanatus	NC_030598
Panax vietnamensis	NC_028704
Panicum capillare	NC_030493
Panicum miliaceum	NC_029732
Panicum sumatrense	NC_032378
Panicum virgatum	NC_015990
Papaver somniferum	NC_029434
Paphiopedilum armeniacum	NC_026779
Paphiopedilum niveum	NC_026776
Parachlorella kessleri	NC_012978
Paradoxia multiseta	NC_025540
Parahyparrhenia siamensis	NC_035033
Pararchidendron pruinosum	NC_035348
Parastemon urophyllus	NC_030517
Pariana campestris	NC_027491
Pariana radiciflora	NC_026972
Parinari campestris	NC_024067
Parinari capensis	NC_030581
Parinari curatellifolia	NC_030582
Parinari oblongifolia	NC_030583
Paris cronquistii	NC_033511
Paris luquanensis	NC_033514
Paris mairei	NC_033515
Paris marmorata	NC_033516
Paris quadrifolia	NC_033520
Paris verticillata	NC_024560
Paris vietnamensis	NC_033519
Parkia javanica	NC_034989
Partenskyella glossopodia	NC_029742
Parthenium argentatum	NC_013553
Paspalidium geminatum	NC_030494
Paspalum dilatatum	NC_030614
Paspalum fimbriatum	NC_030495
Paspalum glaziovii	NC_030496
Passiflora edulis	NC_034285
Pastinaca pimpinellifolia	NC_027450
Paulownia coreana	NC_031435
Paulownia tomentosa	NC_031436
Pavlova lutheri	NC_020371
Pedicularis ishidoyana	NC_029700
Pedinomonas minor	NC_016733
Pedinomonas tuberculata	NC_025530
Pelargonium alternans	NC_023261
Pelargonium australe	NC_028053
Pelargonium citronellum	NC_031194
Pelargonium cotyledonis	NC_028052
Pelargonium cucullatum	NC_031193
Pelargonium dichondrifolium	NC_028051
Pelargonium dolomiticum	NC_031195
Pelargonium echinatum	NC_031197
Pelargonium endlicherianum	NC_033357
Pelargonium exhibens	NC_031196
Pelargonium exstipulatum	NC_031198
Pelargonium fulgidum	NC_031199
Pelargonium incrassatum	NC_031200
Pelargonium myrrhifolium	NC_031201
Pelargonium nanum	NC_031202
Pelargonium quercifolium	NC_031203
Pelargonium quinquelobatum	NC_033358
Pelargonium spinosum	NC_033359
Pelargonium tetragonum	NC_031205
Pelargonium transvaalense	NC_031206
Pelargonium trifidum	NC_031204
Pelargonium x hortorum	NC_008454
Pentactina rupicola	NC_016921
Pentalinon luteum	NC_025658
Penthorum chinense	NC_023086
Pericallis hybrida	NC_031898
Perilla citriodora	NC_030755
Perilla frutescens	NC_030756
Perilla setoyensis	NC_030757
Periphykon beckeri	NC_035261
Persea americana	NC_031189
Petrosavia stellaris	NC_023356
Petroselinum crispum	NC_015821
Peucedanum insolens	NC_033344
Peucedanum japonicum	NC_034644
Phacotus lenticularis	NC_028587
Phaenosperma globosum	NC_027480
Phaeocystis antarctica	NC_016703
Phaeocystis globosa	NC_021637
Phaeodactylum tricornutum	NC_008588
Phalaenopsis aphrodite subsp. formosana	NC_007499
Phalaenopsis equestris	NC_017609
Phalaenopsis hybrid cultivar	NC_025593
Phalaris arundinacea	NC_027481
Pharus lappulaceus	NC_023245
Pharus latifolius	NC_021372
Phaseolus vulgaris	NC_009259
Phelipanche purpurea	NC_023132
Phelipanche ramosa	NC_023465
Phleum alpinum	NC_027482
Phoebe bournei	NC_034926
Phoebe chekiangensis	NC_034925
Phoebe omeiensis	NC_031190
Phoebe sheareri	NC_031191
Phoenix dactylifera	NC_013991
Phragmipedium longifolium	NC_028149
Phragmites australis	NC_022958
Phyllostachys edulis	NC_015817
Phyllostachys nigra var. henonis	NC_015826
Phyllostachys propinqua	NC_016699
Phyllostachys sulphurea	NC_024669
Phyllostegia velutina	NC_029820
Physalis peruviana	NC_026570
Physcomitrella patens	NC_005087
Phytelephas aequatorialis	NC_029957
Picea abies	NC_021456
Picea asperata	NC_032367
Picea crassifolia	NC_032366
Picea glauca	NC_028594
Picea jezoensis	NC_029374
Picea morrisonicola	NC_016069
Picea sitchensis	NC_011152
Picocystis salinarum	NC_024828
Pigafetta elata	NC_029956
Pimenta dioica	NC_034684
Pinellia ternata	NC_027681
Pinguicula ehlersiae	NC_023463
Pinus armandii	NC_029847
Pinus bungeana	NC_028421
Pinus contorta	NC_011153
Pinus gerardiana	NC_011154
Pinus koraiensis	NC_004677
Pinus krempfii	NC_011155
Pinus lambertiana	NC_011156
Pinus massoniana	NC_021439
Pinus monophylla	NC_011158
Pinus nelsonii	NC_011159
Pinus sibirica	NC_028552
Pinus strobus	NC_026302
Pinus sylvestris	NC_035069
Pinus tabuliformis	NC_028531
Pinus taeda	NC_021440
Pinus taiwanensis	NC_027415
Pinus thunbergii	NC_001631
Piper auritum	NC_034697
Piper cenocladum	NC_008457
Piper kadsura	NC_027941
Piper nigrum	NC_034692
Piptadenia communis	NC_034990
Piptochaetium avenaceum	NC_027483
Pistacia vera	NC_034998
Pisum sativum	NC_014057
Pithecellobium flexicaule	NC_034991
Plagiantha tenella	NC_030497
Planctonema lauterbornii	NC_025541
Plantago maritima	NC_028519
Plantago media	NC_028520
Platanus occidentalis	NC_008335
Platycarya strobilacea	NC_035413
Platysiphonia delicata	NC_035258
Pleioblastus maculatus	NC_024723
Pleodorina starrii	NC_021109
Pleurastrum terricola	NC_009681
Pleurocladia lacustris	NC_032045
Pleurospermum camtschaticum	NC_033343
Plinia trunciflora	NC_034801
Plocamium cartilagineum	NC_031179
Poa palustris	NC_027484
Podocarpus lambertii	NC_023805
Podocarpus totara	NC_020361
Podococcus barteri	NC_027276
Pogonatherum paniceum	NC_029881
Pogostemon stellatus	NC_031434
Pogostemon yatabeanus	NC_031433
Polygonatum cyrtonema	NC_028429
Polygonatum sibiricum	NC_029485
Polygonatum verticillatum	NC_028523
Polysiphonia brodiei	NC_035272
Polysiphonia elongata	NC_035274
Polysiphonia infestans	NC_035277
Polysiphonia schneideri	NC_035296
Polysiphonia scopulorum	NC_035282
Polysiphonia sertularioides	NC_035270
Polysiphonia stricta	NC_035275
Polytoca digitata	NC_035044
Populus adenopoda	NC_032368
Populus alba	NC_008235
Populus balsamifera	NC_024735
Populus davidiana	NC_032717
Populus euphratica	NC_024747
Populus fremontii	NC_024734
Populus ilicifolia	NC_031371
Populus qiongdaoensis	NC_031398
Populus rotundifolia	NC_033876
Populus tremula	NC_027425
Populus tremula x Populus alba	NC_028504
Populus trichocarpa	NC_009143
Porphyra purpurea	NC_000925
Porphyridium purpureum	NC_023133
Porphyridium sordidum	NC_031175
Porterella carnosula	NC_033376
Potamogeton perfoliatus	NC_029814
Pouteria campechiana	NC_033501
Prasinoderma coloniale	NC_024817
Pratia angulata	NC_035367
Pratia nummularia	NC_035381
Praxelis clematidea	NC_023833
Premna microphylla	NC_026291
Primula chrysochlora	NC_034678
Primula kwangtungensis	NC_034371
Primula persimilis	NC_034331
Primula poissonii	NC_024543
Primula sinensis	NC_030609
Primula stenodonta	NC_034677
Primula veris	NC_031428
Prinsepia utilis	NC_021455
Pritchardia thurstonii	NC_029955
Prunus dulcis	NC_034696
Prunus kansuensis	NC_023956
Prunus maximowiczii	NC_026981
Prunus mume	NC_023798
Prunus padus	NC_026982
Prunus persica	NC_014697
Prunus pseudocerasus	NC_030599
Prunus yedoensis	NC_026980
Pseudendoclonium akinetum	NC_008114
Pseudo-nitzschia multiseries	NC_027721
Pseudocharacium americanum	NC_034711
Pseudochloris wilhelmii	NC_025547
Pseudolarix amabilis	NC_030631
Pseudomuriella schumacherensis	NC_029669
Pseudoneochloris marina	NC_034710
Pseudophoenix vinifera	NC_020364
Pseudosasa japonica	NC_028328
Pseudosorghum fasciculare	NC_035024
Pseudotsuga sinensis var. wilsoniana	NC_016064
Psidium guajava	NC_033355
Psilotum nudum	NC_003386
Pteridium aquilinum subsp. aquilinum	NC_014348
Pterogastra divaricata	NC_031885
Pterygopleurum neurophyllum	NC_033345
Ptilidium pulcherrimum	NC_015402
Puccinellia nuttalliana	NC_027485
Puelia olyriformis	NC_023449
Pugionium cornutum	NC_030516
Pugionium dolabratum	NC_030515
Punica granatum	NC_035240
Pycnococcus provasolii	NC_012097
Pyramimonas parkeae	NC_012099
Pyropia haitanensis	NC_021189
Pyropia perforata	NC_024050
Pyropia pulchra	NC_029861
Pyropia yezoensis	NC_007932
Pyrus pashia	NC_034909
Pyrus pyrifolia	NC_015996
Pyrus spinosa	NC_023130
Quercus aliena	NC_026790
Quercus aquifolioides	NC_026913
Quercus baronii	NC_029490
Quercus dolicholepis	NC_031357
Quercus rubra	NC_020152
Quercus spinosa	NC_026907
Quercus variabilis	NC_031356
Raddia brasiliensis	NC_026966
Ranunculus macranthus	NC_008796
Ranunculus occidentalis	NC_031651
Raphanus sativus	NC_024469
Ravenala madagascariensis	NC_022927
Rehmannia chingii	NC_033534
Rehmannia elata	NC_034312
Rehmannia glutinosa	NC_034308
Rehmannia henryi	NC_034309
Rehmannia piasezkii	NC_034311
Rehmannia solanifolia	NC_034310
Retrophyllum piresii	NC_024827
Rhazya stricta	NC_024292
Rheum palmatum	NC_027728
Rhexia virginica	NC_031886
Rhizanthella gardneri	NC_014874
Rhizosolenia imbricata	NC_025311
Rhodochaete parvula	NC_031180
Rhodomela confervoides	NC_035271
Rhodomonas salina	NC_009573
Rhodymenia pseudopalmata	NC_031144
Rhus chinensis	NC_033535
Rhynchanthera bracteata	NC_031887
Rhynchoryza subulata	NC_016718
Ricinus communis	NC_016736
Rosa roxburghii	NC_032038
Rosmarinus officinalis	NC_027259
Rottboellia cochinchinensis	NC_030615
Roundia cardiophora	NC_025312
Roya anglica	NC_024168
Roya obtusa	NC_030315
Sabal domingensis	NC_026444
Sabia yunnanensis	NC_029431
Saccharina japonica	NC_018523
Saccharum arundinaceum	NC_030777
Saccharum hybrid cultivar	NC_029221
Saccharum hybrid cultivar NCo 310	NC_006084
Saccharum hybrid cultivar SP80-3280	NC_005878
Saccharum officinarum	NC_035224
Saccharum spontaneum	NC_034802
Sagittaria lichuanensis	NC_029815
Salacca ramosiana	NC_029954
Salicornia bigelovii	NC_027226
Salicornia brachiata	NC_027224
Salicornia europaea	NC_027225
Salix babylonica	NC_028350
Salix interior	NC_024681
Salix purpurea	NC_026722
Salix suchowensis	NC_026462
Salpinga maranonensis	NC_031888
Salvia japonica	NC_035233
Salvia miltiorrhiza	NC_020431
Samanea saman	NC_034992
Sambucus williamsii	NC_033878
Sanionia uncinata	NC_025668
Sapindus mukorossi	NC_025554
Saracha punctata	NC_026694
Sargassum horneri	NC_029856
Sargassum thunbergii	NC_029134
Sarocalamus faberi	NC_024713
Sartidia dewinteri	NC_027147
Sartidia perrieri	NC_027146
Saussurea involucrata	NC_029465
Schefflera delavayi	NC_022813
Schefflera heptaphylla	NC_029764
Scherffelia dubia	NC_029807
Schimmelmannia schousboei	NC_031168
Schisandra chinensis	NC_034908
Schizachyrium brevifolium	NC_035013
Schizachyrium exile	NC_035029
Schizachyrium imberbe	NC_035045
Schizachyrium sanguineum	NC_035015
Schizachyrium scoparium	NC_035032
Schizachyrium spicatum	NC_035039
Schizachyrium tenerum	NC_035043
Schizomeris leibleinii	NC_015645
Schizymenia dubyi	NC_031169
Schoenolirion croceum	NC_032710
Schoepfia jasminodora	NC_034228
Schrenkiella parvula	NC_028726
Schwalbea americana	NC_023115
Sciadopitys verticillata	NC_029734
Sciaphila densiflora	NC_027659
Scinaia undulata	NC_031664
Sclerotheca viridiflora	NC_035396
Scopolia parviflora	NC_030282
Scrophularia buergeriana	NC_031437
Scrophularia takesimensis	NC_026202
Scutellaria baicalensis	NC_027262
Scutellaria insignis	NC_028533
Scutellaria lateriflora	NC_034693
Sebdenia flabellata	NC_031170
Secale cereale	NC_021761
Sedum oryzifolium	NC_027837
Sedum sarmentosum	NC_023085
Sedum takesimense	NC_026065
Selaginella moellendorffii	NC_013086
Senna tora	NC_030193
Sequoia sempervirens	NC_030372
Serenoa repens	NC_029953
Sesamum indicum	NC_016433
Seseli montanum	NC_027451
Setaria italica	NC_022850
Setaria viridis	NC_028075
Sheathia arcuata	NC_035231
Silene capitata	NC_035226
Silene chalcedonica	NC_023359
Silene conica	NC_016729
Silene conoidea	NC_023358
Silene latifolia	NC_016730
Silene noctiflora	NC_016728
Silene paradoxa	NC_023360
Silene vulgaris	NC_016727
Silybum marianum	NC_028027
Sinadoxa corydalifolia	NC_032040
Sinapis arvensis	NC_035303
Sinojackia xylocarpa	NC_035418
Sinopodophyllum hexandrum	NC_027732
Sobralia aff. bouchei HTK-2015	NC_028209
Sobralia callosa	NC_028147
Solanum berthaultii	NC_034951
Solanum bulbocastanum	NC_007943
Solanum cheesmaniae	NC_026876
Solanum chilense	NC_026877
Solanum commersonii	NC_028069
Solanum galapagense	NC_026878
Solanum habrochaites	NC_026879
Solanum lycopersicum	NC_007898
Solanum lycopersicum	AC_000188
Solanum melongena	NC_030207
Solanum neorickii	NC_026880
Solanum nigrum	NC_028070
Solanum peruvianum	NC_026881
Solanum pimpinellifolium	NC_026882
Solanum tuberosum	NC_008096
Solenopsis bivonae	NC_035397
Soliva sessilis	NC_034851
Solms-laubachia eurycarpa	NC_034359
Sonderella linearis	NC_035289
Sorghastrum nutans	NC_030498
Sorghum bicolor	NC_008602
Sorghum timorense	NC_023800
Spathiphyllum kochii	NC_030371
Sphagnum palustre	NC_030198
Spinacia oleracea	NC_002202
Spirodela polyrhiza	NC_015891
Spirogyra maxima	NC_030355
Spondias bahiensis	NC_030526
Spondias tuberosa	NC_030527
Sporobolus heterolepis	NC_029417
Sporobolus maritimus	NC_027650
Sporobolus michauxianus	NC_029416
Sporolithon durum	NC_029857
Spyridia filamentosa	NC_035285
Stachys byzantina	NC_029825
Stachys chamissonis	NC_029822
Stachys coccinea	NC_029823
Stachys sylvatica	NC_029824
Stangeria eriopus	NC_026041
Staurastrum punctulatum	NC_008116
Steinchisma laxum	NC_030499
Stenogyne bifida	NC_029818
Stenogyne haliakalae	NC_029817
Stenogyne kanehoana	NC_029821
Stephania japonica	NC_029432
Stichococcus bacillaris	NC_025527
Stigeoclonium helveticum	NC_008372
Stipa hymenoides	NC_027464
Stipa lipskyi	NC_028444
Stipa purpurea	NC_029390
Stockwellia quadrifida	NC_022414
Streptochaeta spicata	NC_033862
Styrax grandiflorus	NC_030539
Swertia mussotii	NC_031155
Syagrus coronata	NC_029241
Symbiochloris handae	NC_025524
Symphyocladia dendroidea	NC_035267
Symplocarpus renifolius	NC_033970
Syntrichia ruralis	NC_012052
Taenioma perpusillum	NC_035295
Tahina spectabilis	NC_029952
Taiwania cryptomerioides	NC_016065
Taiwania flousiana	NC_021441
Takakia lepidozioides	NC_028738
Talipariti hamabo	NC_030195
Tanaecium tetragonolobum	NC_027955
Taraxacum amplum	NC_031816
Taraxacum brevicorniculatum	NC_032056
Taraxacum kok-saghyz	NC_032057
Taraxacum mongolicum	NC_031396
Taraxacum obtusifrons	NC_031815
Taraxacum officinale	NC_030772
Taraxacum platycarpum	NC_031395
Tarenaya hassleriana	NC_034364
Taxodium distichum	NC_034941
Taxus baccata	NC_035066
Taxus mairei	NC_020321
Tectona grandis	NC_020098
Teleaulax amphioxeia	NC_027589
Tenaxia guillarmodiae	NC_029897
Tetracentron sinense	NC_021425
Tetradesmus obliquus	NC_008101
Tetradoxa omeiensis	NC_034793
Tetraphis pellucida	NC_024291
Tetrastigma hemsleyanum	NC_029339
Thalassiosira oceanica CCMP1005	NC_014808
Thalassiosira pseudonana	NC_008589
Thalassiosira weissflogii	NC_025314
Thalictrum coreanum	NC_026103
Thamnocalamus spathiflorus	NC_024724
Thaumatella adunca	NC_035291
Themeda arguens	NC_035019
Themeda arundinacea	NC_035014
Themeda triandra	NC_035016
Theobroma cacao	NC_014676
Thlaspi arvense	NC_034362
Thorea hispida	NC_031171
Thuretia quercifolia	NC_035286
Thyridolepis xerophila	NC_030616
Thysanolaena latifolia	NC_025238
Tibouchina longifolia	NC_031889
Tilia amurensis	NC_028588
Tilia mandshurica	NC_028589
Tilia oliveri	NC_028590
Tilia paucicostata	NC_028591
Titanophycus setchellii	NC_031665
Tofieldia thibetica	NC_029813
Tolypiocladia glomerulata	NC_035299
Toricellia angulata	NC_031509
Torreya fargesii	NC_029398
Torreya grandis	NC_034806
Torreyochloa pallida	NC_027486
Toxarium undulatum	NC_031425
Trachelium caeruleum	NC_010442
Trachelomonas volvocina	NC_027288
Trachydiscus minutus	NC_026851
Trebouxiophyceae sp. MX-AZ01	NC_018569
Trebouxiophyceae sp. TP-2016a	NC_025528
Trematolobelia kauaiensis	NC_035398
Treubaria triappendiculata	NC_028578
Trichogloeopsis pedicellata	NC_031668
Trichosarcina mucosa	NC_034709
Trifolium aureum	NC_024035
Trifolium boissieri	NC_025743
Trifolium glanduliferum	NC_025744
Trifolium grandiflorum	NC_024034
Trifolium meduseum	NC_024166
Trifolium repens	NC_024036
Trifolium strictum	NC_025745
Trifolium subterraneum	NC_011828
Trigonobalanus doichangensis	NC_023959
Trillium cuneatum	NC_027185
Trillium decumbens	NC_027282
Trillium maculatum	NC_027738
Trillium tschonoskii	NC_027739
Triolena amazonica	NC_031890
Triparma laevis	NC_027746
Trisetum cernuum	NC_027487
Trithrinax brasiliensis	NC_029951
Trithuria inconspicua	NC_020372
Triticum aestivum	NC_002762
Triticum macha	NC_025955
Triticum monococcum	NC_021760
Triticum timopheevii	NC_024764
Triticum turgidum	NC_024814
Triticum urartu	NC_021762
Trochodendron aralioides	NC_021426
Trollius chinensis	NC_031849
Tsuga chinensis	NC_030630
Tydemania expeditionis	NC_026796
Typha latifolia	NC_013823
Ulmus davidiana	NC_032718
Ulmus laciniata	NC_032719
Ulmus macrocarpa	NC_032720
Ulmus pumila	NC_032721
Ulnaria acus	NC_016731
Ulva fasciata	NC_029040
Ulva linza	NC_030312
Undaria pinnatifida	NC_028503
Urochloa brizantha	NC_030067
Urochloa decumbens	NC_030066
Urochloa humidicola	NC_030069
Urochloa reptans	NC_030617
Urochloa ruziziensis	NC_030068
Utricularia gibba	NC_021449
Utricularia macrorhiza	NC_025653
Utricularia reniformis	NC_029719
Vaccinium macrocarpon	NC_019616
Vanilla aphylla	NC_035320
Vanilla planifolia	NC_026778
Vaucheria litorea	NC_011600
Veitchia arecina	NC_029950
Veratrum patulum	NC_022715
Verdigellas peltata	NC_030220
Vernicia fordii	NC_034803
Veronica nakaiana	NC_031153
Veronica persica	NC_031344
Veronicastrum sibiricum	NC_031345
Vertebrata australis	NC_035283
Vertebrata isogona	NC_035278
Vertebrata lanosa	NC_026523
Vertebrata thuyoides	NC_035273
Viburnum utile	NC_032296
Vicia sativa	NC_027155
Vigna angularis	NC_021091
Vigna radiata	NC_013843
Vigna unguiculata	NC_018051
Viola seoulensis	NC_026986
Viscum album	NC_028012
Viscum crassulae	NC_027959
Viscum minimum	NC_027829
Vitis aestivalis	NC_029454
Vitis amurensis	NC_031383
Vitis rotundifolia	NC_023790
Vitis vinifera	NC_007957
Viviania marifolia	NC_023259
Wallichia densiflora	NC_029949
Washingtonia robusta	NC_029974
Watanabea reniformis	NC_025526
Welwitschia mirabilis	NC_010654
Westoniella kohkemperi	NC_034889
Whiteochloa capillipes	NC_030618
Wildemania schizophylla	NC_029576
Wimmerella hederacea	NC_033377
Wisteria floribunda	NC_027677
Wisteria sinensis	NC_029406
Wolffia australiana	NC_015899
Wolffiella lingulata	NC_015894
Wollemia nobilis	NC_027235
Woodwardia unigemmata	NC_028543
Xerophyllum tenax	NC_027158
Xylochloris irregularis	NC_025534
Yamadaella caenomyce	NC_031666
Yucca brevifolia	NC_032711
Yucca filamentosa	NC_032712
Yucca queretaroensis	NC_032713
Yucca schidigera	NC_032714
Yushania levigata	NC_024725
Zamia furfuracea	NC_026040
Zanthoxylum bungeanum	NC_031386
Zanthoxylum piperitum	NC_027939
Zanthoxylum schinifolium	NC_030702
Zea diploperennis	NC_030377
Zea luxurians	NC_030301
Zea mays	NC_001666
Zea perennis	NC_030300
Zeugites pittieri	NC_030500
Zingiber spectabile	NC_020363
Zizania aquatica	NC_026967
Zizania latifolia	NC_029401
Ziziphus jujuba	NC_030299
Zoysia macrantha	NC_029418
Zygnema circumcarinatum	NC_008117
